,Date,Away,Home,Favorite,Line,Over/Under
0,2021-10-19,BKN,MIL,MIL,-1.5,233.5
1,2021-10-19,GSW,LAL,LAL,-3.0,226.0
2,2021-10-20,BOS,NYK,NYK,-2.5,219.5
3,2021-10-20,DEN,PHX,PHX,-6.0,224.0
4,2021-10-21,DAL,ATL,ATL,-2.5,225.5
5,2021-10-21,LAC,GSW,GSW,-4.0,229.0
6,2021-10-22,BKN,PHI,BKN,-1.0,224.5
7,2021-10-22,PHX,LAL,PHX,-1.0,221.5
8,2021-12-25,ATL,NYK,NYK,-6.0,206.5
9,2021-12-25,BOS,MIL,MIL,-7.5,221.5
10,2021-12-25,GSW,PHX,PHX,-6.0,215.5
11,2021-12-25,BKN,LAL,LAL,-2.5,222.0
12,2021-12-25,DAL,UTA,UTA,-13.5,214.0
13,2021-10-20,IND,CHA,IND,-1.5,223.0
14,2021-10-20,CHI,DET,CHI,-5.0,218.0
15,2021-10-20,WAS,TOR,TOR,-2.5,223.0
16,2021-10-20,CLE,MEM,MEM,-7.0,218.5
17,2021-10-20,HOU,MIN,MIN,-6.5,232.0
18,2021-10-20,PHI,NOP,PHI,-3.5,224.0
19,2021-10-20,ORL,SAS,SAS,-7.0,212.5
20,2021-10-20,OKC,UTA,UTA,-14.0,221.5
21,2021-10-20,SAC,POR,POR,-6.5,234.0
22,2021-10-21,MIL,MIA,MIA,-2.5,222.5
23,2021-10-22,CHA,CLE,CHA,-2.5,226.0
24,2021-10-22,NYK,ORL,NYK,-7.5,212.0
25,2021-10-22,IND,WAS,IND,-2.0,225.0
26,2021-10-22,TOR,BOS,BOS,-7.0,217.5
27,2021-10-22,NOP,CHI,CHI,-6.5,223.0
28,2021-10-22,OKC,HOU,HOU,-3.0,220.5
29,2021-10-22,SAS,DEN,DEN,-7.5,222.0
30,2021-10-22,UTA,SAC,UTA,-6.5,226.5
31,2021-10-23,ATL,CLE,ATL,-8.5,223.0
32,2021-10-23,MIA,IND,MIA,-3.0,222.0
33,2021-10-23,DAL,TOR,DAL,-4.5,216.5
34,2021-10-23,DET,CHI,CHI,-8.0,213.5
35,2021-10-23,NOP,MIN,MIN,-7.5,228.5
36,2021-10-23,MIL,SAS,MIL,-6.0,225.5
37,2021-10-23,PHX,POR,POR,-3.0,229.0
38,2021-10-23,MEM,LAC,LAC,-4.0,226.5
39,2021-10-24,CHA,BKN,BKN,-9.0,233.0
40,2021-10-24,ORL,NYK,NYK,-12.0,212.0
41,2021-10-24,BOS,HOU,BOS,-5.5,221.0
42,2021-10-24,PHI,OKC,PHI,-10.0,216.0
43,2021-10-24,GSW,SAC,GSW,-3.0,234.5
44,2021-10-24,MEM,LAL,LAL,-5.0,225.5
45,2021-10-25,BOS,CHA,BOS,-2.0,224.5
46,2021-10-25,MIL,IND,MIL,-2.0,229.5
47,2021-10-25,DET,ATL,ATL,-11.5,212.5
48,2021-10-25,WAS,BKN,BKN,-6.0,229.5
49,2021-10-25,ORL,MIA,MIA,-13.5,211.5
50,2021-10-25,CHI,TOR,CHI,-2.5,213.5
51,2021-10-25,NOP,MIN,MIN,-5.5,224.5
52,2021-10-25,CLE,DEN,DEN,-9.5,221.5
53,2021-10-25,POR,LAC,LAC,-2.5,230.0
54,2021-10-26,PHI,NYK,NYK,-1.0,217.0
55,2021-10-26,GSW,OKC,GSW,-9.5,223.5
56,2021-10-26,HOU,DAL,DAL,-11.0,222.5
57,2021-10-26,LAL,SAS,SAS,-2.5,219.5
58,2021-10-26,DEN,UTA,UTA,-7.5,218.5
59,2021-10-27,CHA,ORL,CHA,-5.0,221.0
60,2021-10-27,WAS,BOS,BOS,-4.0,224.0
61,2021-10-27,MIA,BKN,BKN,-3.5,217.5
62,2021-10-27,IND,TOR,TOR,-1.0,214.0
63,2021-10-27,ATL,NOP,ATL,-5.0,220.5
64,2021-10-27,MIN,MIL,MIL,-6.0,231.5
65,2021-10-27,LAL,OKC,LAL,-5.5,217.0
66,2021-10-27,SAC,PHX,PHX,-8.0,224.5
67,2021-10-27,MEM,POR,POR,-2.5,233.0
68,2021-10-27,CLE,LAC,LAC,-8.0,219.0
69,2021-10-28,DET,PHI,PHI,-11.0,211.5
70,2021-10-28,ATL,WAS,ATL,-4.0,222.0
71,2021-10-28,NYK,CHI,CHI,-1.5,216.5
72,2021-10-28,UTA,HOU,UTA,-9.5,222.5
73,2021-10-28,SAS,DAL,DAL,-6.5,219.5
74,2021-10-28,MEM,GSW,GSW,-6.0,228.5
75,2021-10-29,ORL,TOR,TOR,-9.5,206.0
76,2021-10-29,IND,BKN,BKN,-8.5,223.0
77,2021-10-29,CHA,MIA,MIA,-7.0,221.5
78,2021-10-29,SAC,NOP,SAC,-1.0,221.5
79,2021-10-29,DAL,DEN,DEN,-4.0,216.5
80,2021-10-29,LAC,POR,POR,-3.5,223.5
81,2021-10-29,CLE,LAL,LAL,-8.5,222.0
82,2021-10-30,BOS,WAS,WAS,-2.0,223.5
83,2021-10-30,ORL,DET,DET,-6.0,207.5
84,2021-10-30,NYK,NOP,NYK,-8.0,214.0
85,2021-10-30,TOR,IND,IND,-3.0,212.5
86,2021-10-30,ATL,PHI,PHI,-3.5,217.0
87,2021-10-30,UTA,CHI,UTA,-3.5,218.5
88,2021-10-30,MIA,MEM,MEM,-3.5,215.0
89,2021-10-30,SAS,MIL,MIL,-7.0,223.5
90,2021-10-30,OKC,GSW,GSW,-12.5,217.0
91,2021-10-30,DEN,MIN,MIN,-1.5,219.5
92,2021-10-30,CLE,PHX,PHX,-10.0,216.0
93,2021-10-31,SAC,DAL,DAL,-4.5,218.5
94,2021-10-31,POR,CHA,POR,-2.0,231.0
95,2021-10-31,UTA,MIL,UTA,-5.0,222.0
96,2021-10-31,DET,BKN,BKN,-12.0,211.0
97,2021-10-31,HOU,LAL,LAL,-11.0,224.0
98,2021-11-01,CLE,CHA,CHA,-5.0,220.0
99,2021-11-01,SAS,IND,IND,-2.5,215.5
100,2021-11-01,POR,PHI,POR,-2.0,220.0
101,2021-11-01,WAS,ATL,ATL,-5.5,222.0
102,2021-11-01,CHI,BOS,BOS,-3.0,215.5
103,2021-11-01,TOR,NYK,NYK,-7.5,209.0
104,2021-11-01,DEN,MEM,MEM,-2.0,215.5
105,2021-11-01,ORL,MIN,MIN,-8.5,216.5
106,2021-11-01,OKC,LAC,LAC,-12.5,210.0
107,2021-11-02,MIL,DET,MIL,-4.5,212.0
108,2021-11-02,MIA,DAL,MIA,-2.5,209.5
109,2021-11-02,SAC,UTA,UTA,-9.0,223.5
110,2021-11-02,NOP,PHX,PHX,-10.0,215.0
111,2021-11-02,HOU,LAL,LAL,-11.0,219.5
112,2021-11-03,POR,CLE,POR,-5.5,216.5
113,2021-11-03,NYK,IND,IND,-1.0,216.0
114,2021-11-03,BOS,ORL,BOS,-7.0,212.5
115,2021-11-03,CHI,PHI,PHI,-2.5,215.5
116,2021-11-03,TOR,WAS,WAS,-3.5,212.0
117,2021-11-03,ATL,BKN,BKN,-4.5,221.0
118,2021-11-03,DEN,MEM,DEN,-1.0,215.5
119,2021-11-03,LAC,MIN,LAC,-2.5,213.0
120,2021-11-03,DAL,SAS,DAL,-2.0,217.0
121,2021-11-03,CHA,GSW,GSW,-6.0,226.5
122,2021-11-03,NOP,SAC,SAC,-6.0,219.0
123,2021-11-04,PHI,DET,PHI,-4.5,208.0
124,2021-11-04,UTA,ATL,UTA,-1.0,218.5
125,2021-11-04,BOS,MIA,MIA,-6.5,213.5
126,2021-11-04,HOU,PHX,PHX,-11.5,220.0
127,2021-11-04,OKC,LAL,LAL,-10.5,215.0
128,2021-11-05,BKN,DET,BKN,-9.5,210.0
129,2021-11-05,SAS,ORL,SAS,-4.0,213.0
130,2021-11-05,MEM,WAS,WAS,-2.5,220.5
131,2021-11-05,CLE,TOR,TOR,-6.0,204.0
132,2021-11-05,NYK,MIL,MIL,-3.5,217.0
133,2021-11-05,LAC,MIN,LAC,-2.5,215.5
134,2021-11-05,NOP,GSW,GSW,-9.5,213.5
135,2021-11-05,IND,POR,POR,-5.5,222.5
136,2021-11-05,CHA,SAC,SAC,-2.0,232.0
137,2021-11-06,HOU,DEN,DEN,-11.5,215.0
138,2021-11-06,UTA,MIA,MIA,0,211.5
139,2021-11-06,PHI,CHI,CHI,-4.0,215.0
140,2021-11-06,BOS,DAL,DAL,-3.5,211.0
141,2021-11-06,ATL,PHX,PHX,-3.5,222.0
142,2021-11-06,LAL,POR,POR,-5.0,223.5
143,2021-11-07,BKN,TOR,BKN,-3.5,210.5
144,2021-11-07,CLE,NYK,NYK,-7.5,207.5
145,2021-11-07,UTA,ORL,UTA,-11.0,211.0
146,2021-11-07,MIL,WAS,MIL,-1.0,219.0
147,2021-11-07,IND,SAC,SAC,-2.5,225.0
148,2021-11-07,SAS,OKC,SAS,-3.5,213.5
149,2021-11-07,HOU,GSW,GSW,-13.0,218.5
150,2021-11-07,CHA,LAC,LAC,-6.0,224.5
151,2021-11-08,NYK,PHI,NYK,-2.0,213.5
152,2021-11-08,BKN,CHI,BKN,-1.0,216.5
153,2021-11-08,MIN,MEM,MEM,-4.5,220.5
154,2021-11-08,NOP,DAL,DAL,-9.0,210.5
155,2021-11-08,MIA,DEN,MIA,-1.5,203.0
156,2021-11-08,ATL,GSW,GSW,-3.5,222.5
157,2021-11-08,PHX,SAC,PHX,-3.5,224.0
158,2021-11-08,CHA,LAL,LAL,-2.5,225.5
159,2021-11-09,MIL,PHI,MIL,-6.5,215.0
160,2021-11-09,ATL,UTA,UTA,-8.5,223.0
161,2021-11-09,POR,LAC,LAC,-3.0,220.0
162,2021-11-10,WAS,CLE,WAS,-3.0,209.0
163,2021-11-10,BKN,ORL,BKN,-10.0,211.0
164,2021-11-10,TOR,BOS,BOS,-3.0,206.0
165,2021-11-10,MIL,NYK,NYK,-3.5,216.0
166,2021-11-10,DET,HOU,HOU,-3.0,210.5
167,2021-11-10,DAL,CHI,CHI,-3.5,215.0
168,2021-11-10,CHA,MEM,MEM,-4.5,228.0
169,2021-11-10,OKC,NOP,NOP,-4.0,208.5
170,2021-11-10,SAC,SAS,SAS,-1.0,222.0
171,2021-11-10,IND,DEN,IND,-3.0,205.0
172,2021-11-10,POR,PHX,PHX,-5.0,225.0
173,2021-11-10,MIN,GSW,GSW,-7.5,222.5
174,2021-11-10,MIA,LAL,MIA,-5.5,215.5
175,2021-11-11,TOR,PHI,PHI,-4.0,212.5
176,2021-11-11,IND,UTA,UTA,-10.5,215.0
177,2021-11-11,MIA,LAC,LAC,-5.0,211.5
178,2021-11-12,NYK,CHA,NYK,-2.5,224.5
179,2021-11-12,MIL,BOS,BOS,-5.5,209.5
180,2021-11-12,DET,CLE,CLE,-4.5,200.0
181,2021-11-12,POR,HOU,POR,-7.5,222.5
182,2021-11-12,PHX,MEM,PHX,-2.0,222.5
183,2021-11-12,BKN,NOP,BKN,-9.5,214.5
184,2021-11-12,SAC,OKC,SAC,-5.0,218.5
185,2021-11-12,DAL,SAS,DAL,-2.5,220.0
186,2021-11-12,ATL,DEN,DEN,-3.5,214.0
187,2021-11-12,CHI,GSW,GSW,-5.5,222.5
188,2021-11-12,MIN,LAL,LAL,-1.5,223.5
189,2021-11-13,MIA,UTA,UTA,-8.0,212.0
190,2021-11-13,PHI,IND,IND,-3.5,213.5
191,2021-11-13,WAS,ORL,WAS,-4.5,203.5
192,2021-11-13,MEM,NOP,MEM,-3.5,218.5
193,2021-11-13,DET,TOR,TOR,-8.5,203.0
194,2021-11-13,BOS,CLE,BOS,-1.0,202.0
195,2021-11-13,MIN,LAC,LAC,-7.0,220.5
196,2021-11-14,SAS,LAL,LAL,-2.5,219.5
197,2021-11-14,MIL,ATL,ATL,-2.0,223.5
198,2021-11-14,GSW,CHA,GSW,-5.0,227.5
199,2021-11-14,PHX,HOU,PHX,-8.5,221.5
200,2021-11-14,BKN,OKC,BKN,-9.0,215.5
201,2021-11-14,POR,DEN,DEN,-6.0,208.0
202,2021-11-14,CHI,LAC,LAC,-3.5,218.5
203,2021-11-15,BOS,CLE,BOS,-4.0,200.0
204,2021-11-15,SAC,DET,SAC,-4.5,213.5
205,2021-11-15,NOP,WAS,WAS,-4.5,208.5
206,2021-11-15,ORL,ATL,ATL,-10.5,215.0
207,2021-11-15,IND,NYK,NYK,-3.0,211.5
208,2021-11-15,DEN,DAL,DAL,-5.5,209.5
209,2021-11-15,HOU,MEM,MEM,-11.5,219.0
210,2021-11-15,PHX,MIN,PHX,-4.0,222.0
211,2021-11-15,MIA,OKC,MIA,-6.5,207.0
212,2021-11-15,TOR,POR,POR,-3.0,215.5
213,2021-11-15,CHI,LAL,CHI,-2.0,216.0
214,2021-11-16,GSW,BKN,BKN,-2.5,223.0
215,2021-11-16,PHI,UTA,UTA,-11.5,217.0
216,2021-11-16,SAS,LAC,LAC,-8.0,221.0
217,2021-11-17,WAS,CHA,CHA,-1.0,220.0
218,2021-11-17,IND,DET,IND,-6.5,206.0
219,2021-11-17,BOS,ATL,ATL,-5.0,216.0
220,2021-11-17,CLE,BKN,BKN,-9.5,206.5
221,2021-11-17,NOP,MIA,MIA,-6.5,210.5
222,2021-11-17,ORL,NYK,NYK,-11.5,207.0
223,2021-11-17,LAL,MIL,MIL,-9.0,222.5
224,2021-11-17,SAC,MIN,MIN,-2.5,228.0
225,2021-11-17,HOU,OKC,OKC,-3.0,214.5
226,2021-11-17,DAL,PHX,PHX,-8.0,212.0
227,2021-11-17,CHI,POR,POR,-3.5,221.0
228,2021-11-18,GSW,CLE,GSW,-9.5,208.5
229,2021-11-18,WAS,MIA,MIA,-6.5,206.5
230,2021-11-18,LAC,MEM,MEM,0,220.5
231,2021-11-18,SAS,MIN,MIN,-2.0,219.5
232,2021-11-18,PHI,DEN,DEN,-7.5,209.0
233,2021-11-18,TOR,UTA,UTA,-10.5,214.5
234,2021-11-19,IND,CHA,IND,-1.0,216.5
235,2021-11-19,GSW,DET,GSW,-2.0,201.5
236,2021-11-19,LAL,BOS,BOS,-1.0,213.5
237,2021-11-19,ORL,BKN,BKN,-9.5,209.5
238,2021-11-19,OKC,MIL,MIL,-12.5,215.5
239,2021-11-19,LAC,NOP,LAC,-4.5,214.5
240,2021-11-19,CHI,DEN,CHI,-3.0,206.0
241,2021-11-19,DAL,PHX,PHX,-8.5,211.5
242,2021-11-19,TOR,SAC,SAC,-3.5,221.0
243,2021-11-20,HOU,NYK,NYK,-10.5,213.5
244,2021-11-20,NOP,IND,IND,-7.5,207.0
245,2021-11-20,MIA,WAS,MIA,-2.0,208.0
246,2021-11-20,CHA,ATL,ATL,-7.5,226.5
247,2021-11-20,OKC,BOS,BOS,-9.0,205.0
248,2021-11-20,ORL,MIL,MIL,-12.5,215.0
249,2021-11-20,MEM,MIN,MIN,-2.5,221.0
250,2021-11-20,PHI,POR,POR,-7.0,216.5
251,2021-11-20,UTA,SAC,UTA,-7.5,221.5
252,2021-11-21,DAL,LAC,LAC,-5.5,209.0
253,2021-11-21,LAL,DET,LAL,-7.0,213.5
254,2021-11-21,NYK,CHI,CHI,-5.5,213.0
255,2021-11-21,DEN,PHX,PHX,-10.5,208.5
256,2021-11-21,TOR,GSW,GSW,-8.5,217.0
257,2021-11-22,BKN,CLE,BKN,-5.5,208.5
258,2021-11-22,CHA,WAS,WAS,-4.5,216.0
259,2021-11-22,OKC,ATL,ATL,-13.0,212.5
260,2021-11-22,HOU,BOS,BOS,-11.5,213.5
261,2021-11-22,IND,CHI,CHI,-1.5,216.5
262,2021-11-22,ORL,MIL,MIL,-13.5,218.5
263,2021-11-22,MIN,NOP,MIN,-3.0,214.0
264,2021-11-22,PHX,SAS,PHX,-5.5,219.5
265,2021-11-22,MEM,UTA,UTA,-11.0,221.5
266,2021-11-22,PHI,SAC,SAC,-5.0,220.0
267,2021-11-23,MIA,DET,MIA,-10.5,208.5
268,2021-11-23,LAL,NYK,NYK,-4.5,214.5
269,2021-11-23,DEN,POR,POR,-10.0,212.5
270,2021-11-23,DAL,LAC,LAC,-3.0,212.0
271,2021-11-24,PHX,CLE,PHX,-7.0,211.5
272,2021-11-24,LAL,IND,IND,-6.5,217.0
273,2021-11-24,CHA,ORL,CHA,-8.0,219.0
274,2021-11-24,BKN,BOS,BOS,-1.5,217.5
275,2021-11-24,CHI,HOU,CHI,-9.5,217.5
276,2021-11-24,TOR,MEM,MEM,-3.5,217.5
277,2021-11-24,DET,MIL,MIL,-15.0,213.0
278,2021-11-24,MIA,MIN,MIA,-1.0,213.5
279,2021-11-24,WAS,NOP,WAS,-3.5,211.0
280,2021-11-24,UTA,OKC,UTA,-13.5,208.5
281,2021-11-24,ATL,SAS,ATL,-3.5,222.5
282,2021-11-24,PHI,GSW,GSW,-10.0,216.5
283,2021-11-24,POR,SAC,POR,-3.5,225.0
284,2021-11-26,DET,LAC,LAC,-11.5,205.5
285,2021-11-26,MIN,CHA,CHA,-2.5,226.0
286,2021-11-26,PHX,NYK,PHX,-4.0,214.5
287,2021-11-26,CHI,ORL,CHI,-9.5,212.5
288,2021-11-26,TOR,IND,IND,-4.5,209.5
289,2021-11-26,ATL,MEM,ATL,-1.0,227.0
290,2021-11-26,WAS,OKC,WAS,-6.5,207.5
291,2021-11-26,BOS,SAS,BOS,-4.5,213.5
292,2021-11-26,MIL,DEN,MIL,-6.5,214.5
293,2021-11-26,NOP,UTA,UTA,-13.5,218.5
294,2021-11-26,POR,GSW,GSW,-6.0,225.0
295,2021-11-26,SAC,LAL,LAL,-7.5,228.5
296,2021-11-27,MIN,PHI,PHI,-6.5,217.5
297,2021-11-27,NYK,ATL,ATL,-7.5,216.5
298,2021-11-27,PHX,BKN,BKN,-1.5,225.5
299,2021-11-27,ORL,CLE,CLE,-10.0,205.5
300,2021-11-27,MIA,CHI,MIA,-1.0,209.5
301,2021-11-27,CHA,HOU,CHA,-5.0,227.0
302,2021-11-27,WAS,DAL,DAL,-6.5,213.0
303,2021-11-27,NOP,UTA,UTA,-12.5,215.0
304,2021-11-28,GSW,LAC,GSW,-2.5,215.0
305,2021-11-28,MIL,IND,MIL,-2.0,216.5
306,2021-11-28,BOS,TOR,BOS,-1.5,207.0
307,2021-11-28,SAC,MEM,MEM,-4.0,223.0
308,2021-11-28,DET,LAL,LAL,-10.5,214.0
309,2021-11-29,ORL,PHI,PHI,-14.0,205.5
310,2021-11-29,DEN,MIA,MIA,-3.0,205.5
311,2021-11-29,CHA,CHI,CHI,-5.5,224.5
312,2021-11-29,OKC,HOU,HOU,-2.5,217.0
313,2021-11-29,IND,MIN,MIN,-4.0,219.5
314,2021-11-29,CLE,DAL,DAL,-6.5,210.5
315,2021-11-29,WAS,SAS,WAS,-3.0,215.0
316,2021-11-29,POR,UTA,UTA,-7.0,221.5
317,2021-11-29,NOP,LAC,LAC,-7.0,211.0
318,2021-11-30,NYK,BKN,BKN,-6.0,215.0
319,2021-11-30,MEM,TOR,TOR,-3.0,215.0
320,2021-11-30,GSW,PHX,PHX,-3.5,222.5
321,2021-11-30,DET,POR,POR,-7.5,209.0
322,2021-11-30,LAL,SAC,SAC,0,224.0
323,2021-12-01,ATL,IND,IND,-2.0,216.5
324,2021-12-01,DEN,ORL,DEN,-8.0,207.5
325,2021-12-01,MIN,WAS,WAS,-3.5,217.0
326,2021-12-01,PHI,BOS,BOS,-3.0,206.5
327,2021-12-01,CLE,MIA,MIA,-3.0,206.0
328,2021-12-01,CHA,MIL,MIL,-9.0,230.5
329,2021-12-01,DAL,NOP,DAL,-4.0,216.0
330,2021-12-01,HOU,OKC,OKC,-2.5,216.5
331,2021-12-01,SAC,LAC,LAC,-6.0,215.0
332,2021-12-02,CHI,NYK,CHI,-2.0,209.5
333,2021-12-02,MIL,TOR,TOR,-1.0,216.0
334,2021-12-02,OKC,MEM,MEM,-11.0,210.5
335,2021-12-02,DET,PHX,PHX,-11.5,207.5
336,2021-12-02,SAS,POR,POR,-5.0,215.5
337,2021-12-03,MIA,IND,IND,-5.5,206.0
338,2021-12-03,CLE,WAS,WAS,-3.0,208.5
339,2021-12-03,PHI,ATL,ATL,-2.5,216.0
340,2021-12-03,MIN,BKN,BKN,-9.0,219.0
341,2021-12-03,ORL,HOU,HOU,-3.0,217.5
342,2021-12-03,NOP,DAL,DAL,-7.0,215.0
343,2021-12-03,BOS,UTA,UTA,-8.0,210.0
344,2021-12-03,PHX,GSW,GSW,-7.0,215.0
345,2021-12-03,LAC,LAL,LAL,-2.5,218.5
346,2021-12-04,DEN,NYK,NYK,-2.5,209.0
347,2021-12-04,CHI,BKN,BKN,-2.5,222.0
348,2021-12-04,MIA,MIL,MIL,-6.5,211.0
349,2021-12-04,MEM,DAL,DAL,0,214.5
350,2021-12-04,SAS,GSW,GSW,-9.0,219.0
351,2021-12-04,BOS,POR,POR,-1.0,211.0
352,2021-12-04,LAC,SAC,LAC,-1.5,219.5
353,2021-12-05,UTA,CLE,UTA,-5.0,213.0
354,2021-12-05,CHA,ATL,ATL,-7.5,225.5
355,2021-12-05,WAS,TOR,TOR,-1.0,212.5
356,2021-12-05,NOP,HOU,NOP,-2.5,222.0
357,2021-12-06,PHI,CHA,PHI,-7.5,214.5
358,2021-12-06,OKC,DET,DET,-3.0,205.5
359,2021-12-06,WAS,IND,IND,-5.5,211.5
360,2021-12-06,MEM,MIA,MIA,-5.5,214.0
361,2021-12-06,DEN,CHI,CHI,-2.0,213.5
362,2021-12-06,CLE,MIL,MIL,-8.5,215.5
363,2021-12-06,ATL,MIN,MIN,-2.0,221.5
364,2021-12-06,SAS,PHX,PHX,-7.0,216.0
365,2021-12-06,ORL,GSW,GSW,-15.5,217.0
366,2021-12-06,LAC,POR,LAC,-4.5,213.5
367,2021-12-07,BKN,DAL,BKN,-1.5,221.0
368,2021-12-07,NYK,SAS,NYK,-1.5,211.0
369,2021-12-07,BOS,LAL,LAL,-3.0,219.5
370,2021-12-08,PHI,CHA,PHI,-6.5,216.0
371,2021-12-08,CHI,CLE,CLE,-3.0,212.5
372,2021-12-08,WAS,DET,WAS,-5.0,210.5
373,2021-12-08,NYK,IND,IND,-5.0,208.0
374,2021-12-08,MIL,MIA,MIL,-6.5,217.0
375,2021-12-08,OKC,TOR,TOR,-7.5,206.0
376,2021-12-08,BKN,HOU,BKN,-3.5,223.0
377,2021-12-08,DAL,MEM,MEM,-1.0,218.0
378,2021-12-08,UTA,MIN,UTA,-6.5,218.0
379,2021-12-08,DEN,NOP,DEN,-2.0,213.0
380,2021-12-08,POR,GSW,GSW,-14.5,215.5
381,2021-12-08,ORL,SAC,SAC,-7.0,222.5
382,2021-12-08,BOS,LAC,LAC,-1.5,208.5
383,2021-12-09,UTA,PHI,UTA,-3.0,215.5
384,2021-12-09,LAL,MEM,LAL,-4.0,221.5
385,2021-12-09,DEN,SAS,SAS,-2.0,216.5
386,2021-12-10,SAC,CHA,SAC,-1.5,232.0
387,2021-12-10,DAL,IND,IND,-2.0,213.5
388,2021-12-10,BKN,ATL,ATL,-2.5,227.5
389,2021-12-10,NYK,TOR,TOR,-1.5,207.5
390,2021-12-10,MIL,HOU,MIL,-9.5,227.5
391,2021-12-10,CLE,MIN,CLE,-1.5,213.5
392,2021-12-10,DET,NOP,NOP,-6.5,211.0
393,2021-12-10,LAL,OKC,LAL,-3.5,218.0
394,2021-12-10,BOS,PHX,PHX,-3.0,214.0
395,2021-12-11,ORL,LAC,LAC,-8.5,214.5
396,2021-12-11,UTA,WAS,UTA,-7.0,220.5
397,2021-12-11,SAC,CLE,CLE,-6.5,222.5
398,2021-12-11,CHI,MIA,CHI,-1.5,208.5
399,2021-12-11,HOU,MEM,MEM,-7.5,218.5
400,2021-12-11,GSW,PHI,GSW,-3.0,212.5
401,2021-12-11,DEN,SAS,SAS,0,219.0
402,2021-12-12,MIL,NYK,MIL,-6.0,215.0
403,2021-12-12,BKN,DET,BKN,-7.0,211.5
404,2021-12-12,DAL,OKC,DAL,-4.0,206.5
405,2021-12-12,NOP,SAS,SAS,-2.0,220.5
406,2021-12-12,MIN,POR,POR,-3.0,224.5
407,2021-12-12,ORL,LAL,LAL,-9.5,220.5
408,2021-12-13,MIA,CLE,CLE,-5.5,208.0
409,2021-12-13,GSW,IND,GSW,-4.0,213.5
410,2021-12-13,SAC,TOR,TOR,-4.5,222.0
411,2021-12-13,HOU,ATL,ATL,-10.0,226.5
412,2021-12-13,MIL,BOS,MIL,-1.0,223.0
413,2021-12-13,PHI,MEM,PHI,-2.0,209.5
414,2021-12-13,CHA,DAL,DAL,-2.5,216.5
415,2021-12-13,WAS,DEN,DEN,-3.5,215.5
416,2021-12-13,PHX,LAC,PHX,-3.5,212.5
417,2021-12-14,TOR,BKN,BKN,-4.0,216.0
418,2021-12-14,GSW,NYK,GSW,-5.5,211.5
419,2021-12-14,PHX,POR,PHX,-1.0,216.5
420,2021-12-15,HOU,CLE,CLE,-9.5,217.0
421,2021-12-15,ATL,ORL,ATL,-7.5,223.5
422,2021-12-15,MIA,PHI,PHI,-8.0,203.5
423,2021-12-15,LAL,DAL,LAL,-3.0,212.5
424,2021-12-15,IND,MIL,IND,-3.0,214.5
425,2021-12-15,NOP,OKC,NOP,-4.5,212.0
426,2021-12-15,CHA,SAS,SAS,-3.5,224.0
427,2021-12-15,MIN,DEN,DEN,-4.0,223.5
428,2021-12-15,LAC,UTA,UTA,-12.0,217.0
429,2021-12-15,MEM,POR,MEM,-1.5,218.0
430,2021-12-15,WAS,SAC,WAS,-2.0,226.5
431,2021-12-16,DET,IND,IND,-10.0,208.0
432,2021-12-16,PHI,BKN,PHI,-2.5,216.0
433,2021-12-16,NYK,HOU,NYK,-5.5,215.5
434,2021-12-16,WAS,PHX,PHX,-8.5,213.0
435,2021-12-17,MIA,ORL,MIA,-8.5,203.0
436,2021-12-17,DEN,ATL,ATL,-3.5,225.5
437,2021-12-17,GSW,BOS,GSW,-4.0,216.5
438,2021-12-17,LAL,MIN,LAL,-1.0,222.0
439,2021-12-17,SAS,UTA,UTA,-11.5,226.5
440,2021-12-17,MIL,NOP,NOP,-1.5,215.0
441,2021-12-17,CHA,POR,POR,-1.5,229.5
442,2021-12-17,MEM,SAC,MEM,-6.0,221.0
443,2021-12-18,HOU,DET,HOU,-1.0,220.0
444,2021-12-18,ORL,BKN,BKN,-5.5,211.5
445,2021-12-18,GSW,TOR,TOR,-7.5,203.0
446,2021-12-18,LAC,OKC,LAC,-4.5,209.5
447,2021-12-18,NYK,BOS,BOS,-6.0,209.0
448,2021-12-18,CLE,MIL,CLE,-5.0,211.0
449,2021-12-18,WAS,UTA,UTA,-9.5,222.5
450,2021-12-19,LAL,CHI,CHI,-7.0,216.5
451,2021-12-19,MIA,DET,MIA,-7.0,207.5
452,2021-12-19,POR,MEM,MEM,-4.5,221.0
453,2021-12-19,SAS,SAC,SAS,-5.0,227.0
454,2021-12-19,CLE,ATL,ATL,-3.0,219.5
455,2021-12-19,DEN,BKN,DEN,-9.0,217.0
456,2021-12-19,NOP,PHI,PHI,-4.0,212.5
457,2021-12-19,DAL,MIN,MIN,-3.5,214.0
458,2021-12-19,CHA,PHX,PHX,-8.5,231.5
459,2021-12-20,PHI,BOS,BOS,-3.0,214.5
460,2021-12-20,HOU,CHI,CHI,-7.0,222.5
461,2021-12-20,OKC,MEM,MEM,-9.0,216.0
462,2021-12-20,CHA,UTA,UTA,-12.5,237.5
463,2021-12-20,SAC,GSW,GSW,-13.5,221.5
464,2021-12-20,SAS,LAC,LAC,-6.5,220.0
465,2021-12-21,IND,MIA,IND,-2.5,211.0
466,2021-12-21,DET,NYK,NYK,-7.5,206.0
467,2021-12-21,POR,NOP,NOP,0,218.0
468,2021-12-21,MIN,DAL,MIN,-2.5,213.5
469,2021-12-21,PHX,LAL,PHX,-6.5,223.5
470,2021-12-22,ORL,ATL,ATL,-7.5,209.0
471,2021-12-22,CLE,BOS,BOS,-6.5,216.5
472,2021-12-22,TOR,CHI,CHI,-10.0,212.0
473,2021-12-22,HOU,MIL,MIL,-8.5,224.0
474,2021-12-22,DEN,OKC,DEN,-6.5,213.5
475,2021-12-22,LAC,SAC,LAC,-4.0,217.0
476,2021-12-23,HOU,IND,IND,-6.5,223.0
477,2021-12-23,NOP,ORL,NOP,-4.5,211.0
478,2021-12-23,ATL,PHI,PHI,-11.0,205.0
479,2021-12-23,DET,MIA,MIA,-12.0,207.0
480,2021-12-23,WAS,NYK,NYK,-2.5,206.5
481,2021-12-23,MIL,DAL,MIL,-3.5,208.5
482,2021-12-23,CHA,DEN,DEN,-2.0,231.0
483,2021-12-23,OKC,PHX,PHX,-15.0,213.5
484,2021-12-23,MIN,UTA,UTA,-15.5,225.5
485,2021-12-23,MEM,GSW,GSW,-5.5,217.0
486,2021-12-23,SAS,LAL,LAL,-1.5,226.0
487,2021-12-26,ORL,MIA,MIA,-10.5,203.0
488,2021-12-26,TOR,CLE,CLE,-9.0,208.0
489,2021-12-26,PHI,WAS,PHI,-4.0,205.5
490,2021-12-26,MEM,SAC,MEM,-2.5,226.5
491,2021-12-26,NOP,OKC,NOP,-1.5,212.5
492,2021-12-26,DET,SAS,SAS,-10.0,221.5
493,2021-12-26,IND,CHI,CHI,-4.5,219.5
494,2021-12-26,DEN,LAC,DEN,-3.5,211.5
495,2021-12-27,HOU,CHA,CHA,-8.0,233.0
496,2021-12-27,CHI,ATL,CHI,-3.0,218.5
497,2021-12-27,BOS,MIN,BOS,-5.0,214.0
498,2021-12-27,UTA,SAS,UTA,-7.0,230.5
499,2021-12-27,MEM,PHX,PHX,-7.5,222.5
500,2021-12-27,DAL,POR,POR,-3.0,214.5
501,2021-12-27,BKN,LAC,BKN,-3.5,215.0
502,2021-12-28,MIL,ORL,MIL,-15.0,216.0
503,2021-12-28,WAS,MIA,MIA,-8.0,203.0
504,2021-12-28,PHI,TOR,PHI,-6.0,215.0
505,2021-12-28,LAL,HOU,LAL,-5.5,227.0
506,2021-12-28,NYK,MIN,NYK,-5.0,211.0
507,2021-12-28,CLE,NOP,CLE,-5.0,210.0
508,2021-12-28,DEN,GSW,GSW,-8.0,217.0
509,2021-12-28,OKC,SAC,SAC,-5.5,224.5
510,2021-12-29,NYK,DET,NYK,-8.5,214.5
511,2021-12-29,CHA,IND,IND,-4.0,225.5
512,2021-12-29,LAC,BOS,BOS,-6.0,209.5
513,2021-12-29,ATL,CHI,CHI,-7.5,227.5
514,2021-12-29,LAL,MEM,MEM,-6.0,224.5
515,2021-12-29,OKC,PHX,PHX,-16.0,218.5
516,2021-12-29,UTA,POR,UTA,-8.0,228.5
517,2021-12-29,DAL,SAC,DAL,-1.0,221.0
518,2021-12-30,PHI,BKN,BKN,-5.0,220.5
519,2021-12-30,MIL,ORL,MIL,-14.0,218.0
520,2021-12-30,CLE,WAS,WAS,-4.0,209.0
521,2021-12-30,GSW,DEN,GSW,-6.0,214.0
522,2021-12-31,PHX,BOS,PHX,-3.5,217.0
523,2021-12-31,CHI,IND,CHI,-3.0,220.5
524,2021-12-31,DAL,SAC,DAL,-1.0,216.0
525,2021-12-31,MIA,HOU,MIA,-5.5,219.0
526,2021-12-31,ATL,CLE,CLE,-2.0,218.0
527,2021-12-31,LAC,TOR,TOR,-6.5,212.5
528,2021-12-31,SAS,MEM,MEM,-5.5,227.0
529,2021-12-31,NYK,OKC,NYK,-2.5,208.5
530,2021-12-31,MIN,UTA,UTA,-12.5,222.0
531,2021-12-31,POR,LAL,LAL,-5.5,227.5
532,2022-01-01,NOP,MIL,MIL,-12.0,221.0
533,2022-01-01,SAS,DET,SAS,-6.5,222.5
534,2022-01-01,CHI,WAS,CHI,-2.0,221.5
535,2022-01-01,LAC,BKN,BKN,-13.5,220.5
536,2022-01-01,DEN,HOU,DEN,-8.5,220.5
537,2022-01-01,GSW,UTA,UTA,-5.0,223.5
538,2022-01-02,NYK,TOR,TOR,-8.0,207.5
539,2022-01-02,ORL,BOS,BOS,-10.0,213.5
540,2022-01-02,IND,CLE,CLE,-4.5,208.0
541,2022-01-02,MIA,SAC,MIA,-3.5,222.5
542,2022-01-02,PHX,CHA,PHX,-1.5,234.0
543,2022-01-02,DAL,OKC,DAL,-10.0,206.5
544,2022-01-02,MIN,LAL,LAL,-7.5,221.0
545,2022-01-03,HOU,PHI,PHI,-13.0,218.5
546,2022-01-03,CHA,WAS,WAS,-1.5,230.5
547,2022-01-03,MEM,BKN,BKN,-6.5,230.0
548,2022-01-03,ORL,CHI,CHI,-13.5,217.5
549,2022-01-03,DET,MIL,MIL,-17.0,226.5
550,2022-01-03,UTA,NOP,UTA,-8.5,229.0
551,2022-01-03,DEN,DAL,DAL,-2.5,213.5
552,2022-01-03,MIA,GSW,GSW,-10.5,215.5
553,2022-01-03,ATL,POR,ATL,-4.0,223.5
554,2022-01-03,MIN,LAC,LAC,-3.5,215.5
555,2022-01-04,MEM,CLE,CLE,-3.5,216.0
556,2022-01-04,SAS,TOR,TOR,-6.5,223.5
557,2022-01-04,IND,NYK,NYK,-3.5,205.5
558,2022-01-04,PHX,NOP,PHX,-6.0,225.0
559,2022-01-04,SAC,LAL,LAL,-6.5,230.0
560,2022-01-05,DET,CHA,CHA,-10.5,227.5
561,2022-01-05,PHI,ORL,PHI,-8.5,212.0
562,2022-01-05,HOU,WAS,WAS,-7.5,231.0
563,2022-01-05,SAS,BOS,BOS,-7.5,222.5
564,2022-01-05,BKN,IND,BKN,-8.5,224.5
565,2022-01-05,GSW,DAL,GSW,-4.5,213.0
566,2022-01-05,TOR,MIL,MIL,-2.5,221.5
567,2022-01-05,OKC,MIN,MIN,-9.0,218.5
568,2022-01-05,UTA,DEN,DEN,-1.0,226.0
569,2022-01-05,MIA,POR,MIA,-2.5,215.5
570,2022-01-05,ATL,SAC,SAC,-1.5,229.0
571,2022-01-06,BOS,NYK,BOS,-2.0,207.5
572,2022-01-06,DET,MEM,MEM,-13.5,218.5
573,2022-01-06,GSW,NOP,NOP,-1.0,212.0
574,2022-01-06,LAC,PHX,PHX,-10.5,222.0
575,2022-01-07,SAS,PHI,PHI,-8.5,220.5
576,2022-01-07,MIL,BKN,BKN,-4.5,232.0
577,2022-01-07,UTA,TOR,TOR,-13.5,216.5
578,2022-01-07,WAS,CHI,CHI,-6.0,225.0
579,2022-01-07,DAL,HOU,DAL,-3.0,215.0
580,2022-01-07,MIN,OKC,MIN,-5.0,218.5
581,2022-01-07,SAC,DEN,DEN,-8.0,226.0
582,2022-01-07,ATL,LAL,LAL,-1.5,231.5
583,2022-01-07,CLE,POR,CLE,-6.0,216.5
584,2022-01-08,MEM,LAC,MEM,-2.0,215.0
585,2022-01-08,MIL,CHA,CHA,-1.5,235.0
586,2022-01-08,ORL,DET,DET,-1.5,215.0
587,2022-01-08,UTA,IND,UTA,-4.5,225.5
588,2022-01-08,NYK,BOS,BOS,-8.0,205.5
589,2022-01-08,MIA,PHX,PHX,-10.0,219.0
590,2022-01-09,ATL,LAC,ATL,-4.0,227.0
591,2022-01-09,WAS,ORL,WAS,-7.0,220.0
592,2022-01-09,NOP,TOR,TOR,-7.0,220.5
593,2022-01-09,MIN,HOU,MIN,-6.5,235.5
594,2022-01-09,DEN,OKC,DEN,-7.0,214.0
595,2022-01-09,SAS,BKN,BKN,-10.0,233.0
596,2022-01-09,CHI,DAL,DAL,-2.0,220.5
597,2022-01-09,CLE,GSW,GSW,-8.0,216.0
598,2022-01-09,SAC,POR,SAC,-1.5,223.0
599,2022-01-09,MEM,LAL,LAL,-3.0,230.0
600,2022-01-10,MIL,CHA,MIL,-3.0,236.0
601,2022-01-10,UTA,DET,UTA,-11.0,224.0
602,2022-01-10,IND,BOS,BOS,-9.0,211.5
603,2022-01-10,SAS,NYK,NYK,-6.5,212.5
604,2022-01-10,CLE,SAC,CLE,-5.5,220.5
605,2022-01-11,OKC,WAS,WAS,-7.0,210.5
606,2022-01-11,PHX,TOR,PHX,-4.5,222.0
607,2022-01-11,GSW,MEM,GSW,-2.0,221.5
608,2022-01-11,MIN,NOP,MIN,-3.5,226.0
609,2022-01-11,DEN,LAC,DEN,-2.5,213.0
610,2022-01-16,PHX,DET,PHX,-11.5,215.5
611,2022-01-12,BOS,IND,IND,-1.0,211.0
612,2022-01-12,CHA,PHI,PHI,-5.5,225.5
613,2022-01-12,ORL,WAS,WAS,-6.5,213.0
614,2022-01-12,MIA,ATL,ATL,-2.5,222.0
615,2022-01-12,DAL,NYK,DAL,-2.5,203.5
616,2022-01-12,HOU,SAS,SAS,-7.0,234.0
617,2022-01-12,CLE,UTA,UTA,-5.0,224.0
618,2022-01-12,BKN,CHI,BKN,-1.5,238.0
619,2022-01-12,LAL,SAC,LAL,-4.0,231.0
620,2022-01-13,GSW,MIL,MIL,-1.0,223.5
621,2022-01-13,MIN,MEM,MEM,-3.0,230.5
622,2022-01-13,LAC,NOP,NOP,-3.5,213.5
623,2022-01-13,OKC,BKN,BKN,-5.5,216.0
624,2022-01-13,POR,DEN,DEN,-11.5,210.0
625,2022-01-14,ORL,CHA,CHA,-11.0,223.0
626,2022-01-14,TOR,DET,TOR,-9.5,210.5
627,2022-01-14,PHX,IND,PHX,-6.0,219.5
628,2022-01-14,BOS,PHI,PHI,-3.0,207.5
629,2022-01-14,ATL,MIA,MIA,-5.5,222.5
630,2022-01-14,GSW,CHI,CHI,-2.5,225.5
631,2022-01-14,CLE,SAS,CLE,-3.0,220.0
632,2022-01-14,DAL,MEM,MEM,-2.5,218.5
633,2022-01-14,HOU,SAC,SAC,-5.0,238.5
634,2022-01-15,TOR,MIL,MIL,-7.5,218.5
635,2022-01-15,POR,WAS,WAS,-7.5,215.0
636,2022-01-15,NYK,ATL,ATL,-1.5,214.5
637,2022-01-15,NOP,BKN,BKN,-5.5,230.0
638,2022-01-15,PHI,MIA,MIA,-3.0,212.5
639,2022-01-15,CLE,OKC,CLE,-5.0,208.0
640,2022-01-15,CHI,BOS,BOS,-7.5,214.0
641,2022-01-15,LAC,SAS,SAS,-1.5,221.0
642,2022-01-15,LAL,DEN,DEN,-4.5,225.0
643,2022-01-15,ORL,DAL,DAL,-12.0,211.0
644,2022-01-16,HOU,SAC,SAC,-4.5,239.0
645,2022-01-16,GSW,MIN,MIN,-4.5,215.0
646,2022-01-16,UTA,DEN,UTA,-5.0,223.5
647,2022-01-17,NOP,BOS,BOS,-4.5,213.5
648,2022-01-17,CHA,NYK,NYK,-2.5,214.5
649,2022-01-17,PHI,WAS,PHI,-1.5,221.5
650,2022-01-17,BKN,CLE,CLE,-4.0,222.0
651,2022-01-17,CHI,MEM,MEM,-8.5,225.0
652,2022-01-17,IND,LAC,LAC,-2.0,210.5
653,2022-01-17,MIL,ATL,MIL,-5.0,233.0
654,2022-01-17,POR,ORL,POR,-2.0,218.5
655,2022-01-17,TOR,MIA,MIA,-4.0,206.5
656,2022-01-17,OKC,DAL,DAL,-11.5,210.5
657,2022-01-17,PHX,SAS,PHX,-4.0,228.5
658,2022-01-17,UTA,LAL,UTA,-5.0,230.5
659,2022-01-18,MIN,NYK,MIN,-3.5,216.0
660,2022-01-18,DET,GSW,GSW,-15.5,217.5
661,2022-01-19,ORL,PHI,PHI,-11.5,213.5
662,2022-01-19,BKN,WAS,WAS,-1.0,235.5
663,2022-01-19,MIN,ATL,ATL,-1.5,235.5
664,2022-01-19,CHA,BOS,BOS,-3.0,222.5
665,2022-01-19,POR,MIA,MIA,-9.0,210.5
666,2022-01-19,CLE,CHI,CLE,-3.0,214.5
667,2022-01-19,MEM,MIL,MIL,-6.5,228.0
668,2022-01-19,TOR,DAL,DAL,-4.0,207.5
669,2022-01-19,OKC,SAS,SAS,-7.0,221.5
670,2022-01-19,HOU,UTA,UTA,-14.0,230.0
671,2022-01-19,LAC,DEN,DEN,-9.5,212.0
672,2022-01-19,DET,SAC,SAC,-7.5,221.0
673,2022-01-19,IND,LAL,LAL,-3.5,224.5
674,2022-01-20,NOP,NYK,NYK,-3.5,210.5
675,2022-01-20,PHX,DAL,PHX,-2.0,216.5
676,2022-01-20,IND,GSW,GSW,-16.5,216.5
677,2022-01-21,OKC,CHA,CHA,-8.5,224.0
678,2022-01-21,LAL,ORL,LAL,-4.5,217.5
679,2022-01-21,LAC,PHI,PHI,-7.5,213.0
680,2022-01-21,MIA,ATL,ATL,-1.5,217.0
681,2022-01-21,POR,BOS,BOS,-8.0,212.0
682,2022-01-21,TOR,WAS,TOR,-2.5,218.0
683,2022-01-21,CHI,MIL,MIL,-11.0,227.0
684,2022-01-21,BKN,SAS,SAS,-1.0,234.5
685,2022-01-21,MEM,DEN,DEN,-3.5,224.5
686,2022-01-21,DET,UTA,UTA,-14.5,216.5
687,2022-01-21,HOU,GSW,GSW,-11.5,230.0
688,2022-01-22,OKC,CLE,CLE,-12.0,207.5
689,2022-01-22,SAC,MIL,MIL,-8.0,227.0
690,2022-01-22,IND,PHX,PHX,-13.0,219.0
691,2022-01-23,LAC,NYK,NYK,-4.0,204.0
692,2022-01-23,BOS,WAS,BOS,-2.0,216.5
693,2022-01-23,LAL,MIA,MIA,-4.0,212.5
694,2022-01-23,CHI,ORL,CHI,-3.5,215.5
695,2022-01-23,POR,TOR,TOR,-8.0,215.0
696,2022-01-23,ATL,CHA,CHA,-1.5,233.5
697,2022-01-23,PHI,SAS,PHI,-1.0,222.0
698,2022-01-23,MEM,DAL,DAL,-4.0,219.0
699,2022-01-23,BKN,MIN,MIN,-3.0,236.5
700,2022-01-23,DET,DEN,DEN,-12.0,217.5
701,2022-01-23,UTA,GSW,GSW,-2.0,218.0
702,2022-01-24,NYK,CLE,CLE,-5.0,202.5
703,2022-03-03,CHI,ATL,ATL,-1.5,235.5
704,2022-01-10,PHI,HOU,PHI,-10.0,226.5
705,2022-01-24,IND,NOP,NOP,-4.0,218.0
706,2022-01-24,UTA,PHX,PHX,-12.5,220.5
707,2022-01-25,DEN,DET,DEN,-7.0,217.0
708,2022-01-25,CHA,TOR,CHA,-1.5,220.5
709,2022-01-25,LAC,WAS,WAS,-5.0,219.0
710,2022-01-25,SAC,BOS,BOS,-9.5,218.0
711,2022-01-25,LAL,BKN,LAL,-3.5,224.5
712,2022-01-25,SAS,HOU,SAS,-4.5,234.5
713,2022-01-25,DAL,GSW,GSW,-3.5,211.5
714,2022-01-25,MIN,POR,MIN,-3.0,234.0
715,2022-01-26,MIL,CLE,MIL,-4.0,218.0
716,2022-01-26,CHA,IND,CHA,-2.0,229.5
717,2022-01-26,LAC,ORL,ORL,-1.0,213.0
718,2022-01-26,SAC,ATL,ATL,-11.0,227.5
719,2022-02-28,TOR,BKN,TOR,-3.0,216.5
720,2022-01-26,NYK,MIA,MIA,-6.0,202.5
721,2022-01-26,MEM,SAS,MEM,-4.0,228.5
722,2022-01-28,DEN,NOP,DEN,-4.0,221.5
723,2022-01-24,CHI,OKC,CHI,-1.0,217.5
724,2022-01-26,PHX,UTA,PHX,-1.0,223.5
725,2022-01-26,DAL,POR,DAL,-5.0,217.5
726,2022-01-27,LAL,PHI,PHI,-6.0,216.0
727,2022-01-27,MIN,GSW,GSW,-6.5,229.5
728,2022-01-28,LAL,CHA,CHA,-9.5,225.5
729,2022-01-28,DET,ORL,ORL,-3.5,216.0
730,2022-01-28,BOS,ATL,ATL,-1.5,217.5
731,2022-01-28,LAC,MIA,MIA,-8.5,209.0
732,2022-01-28,POR,HOU,POR,-2.5,234.5
733,2022-01-28,UTA,MEM,MEM,-5.0,225.5
734,2022-01-28,IND,OKC,IND,-2.0,222.0
735,2022-01-28,CHI,SAS,SAS,-2.0,232.5
736,2022-01-28,MIN,PHX,PHX,-8.0,228.5
737,2022-01-28,NYK,MIL,MIL,-9.0,216.5
738,2022-01-29,BOS,NOP,BOS,-6.5,215.5
739,2022-01-29,IND,DAL,DAL,-10.5,217.0
740,2022-01-29,SAC,PHI,PHI,-10.5,219.0
741,2022-01-29,TOR,MIA,MIA,-2.5,211.5
742,2022-01-29,WAS,MEM,MEM,-6.0,227.5
743,2022-01-29,BKN,GSW,GSW,-10.5,225.5
744,2022-01-30,LAL,ATL,ATL,-7.5,224.0
745,2022-01-30,LAC,CHA,CHA,-6.0,226.0
746,2022-01-30,POR,CHI,CHI,-5.0,228.0
747,2022-01-30,CLE,DET,CLE,-7.5,207.5
748,2022-01-30,DAL,ORL,DAL,-5.0,212.5
749,2022-01-30,DEN,MIL,MIL,-6.5,232.5
750,2022-01-30,UTA,MIN,MIN,-2.0,227.5
751,2022-01-30,SAS,PHX,PHX,-13.5,230.0
752,2022-01-31,NOP,CLE,CLE,-4.5,207.0
753,2022-01-31,LAC,IND,IND,0,224.0
754,2022-01-31,MEM,PHI,MEM,-3.5,217.5
755,2022-01-31,MIA,BOS,BOS,-6.5,208.5
756,2022-01-31,SAC,NYK,NYK,-7.0,212.0
757,2022-01-31,GSW,HOU,GSW,-10.0,231.5
758,2022-01-31,POR,OKC,POR,-3.5,215.0
759,2022-02-01,NOP,DET,NOP,-1.5,218.0
760,2022-01-31,TOR,ATL,TOR,-2.0,212.0
761,2022-02-01,WAS,MIL,MIL,-11.5,228.5
762,2022-02-01,ORL,CHI,CHI,-8.0,223.0
763,2022-02-01,DEN,MIN,MIN,-1.5,228.5
764,2022-02-01,GSW,SAS,SAS,-6.5,219.0
765,2022-02-01,BKN,PHX,PHX,-7.0,230.0
766,2022-02-02,ORL,IND,IND,-3.5,225.0
767,2022-02-02,WAS,PHI,PHI,-10.0,210.0
768,2022-02-02,CHA,BOS,BOS,-6.5,225.0
769,2022-02-02,MEM,NYK,MEM,-4.0,217.5
770,2022-02-02,CLE,HOU,CLE,-5.0,217.5
771,2022-02-02,OKC,DAL,DAL,-12.0,207.0
772,2022-02-02,DEN,UTA,UTA,-6.5,215.5
773,2022-02-02,BKN,SAC,BKN,-5.0,231.0
774,2022-02-02,POR,LAL,LAL,-3.5,225.0
775,2022-02-03,MIN,DET,MIN,-7.5,226.5
776,2022-02-03,PHX,ATL,PHX,-3.0,229.0
777,2022-02-01,MIA,TOR,TOR,-1.5,211.0
778,2022-02-03,SAC,GSW,GSW,-14.0,224.0
779,2022-02-03,LAL,LAC,LAC,-3.5,219.0
780,2022-02-04,CLE,CHA,CHA,-6.5,216.5
781,2022-02-04,BOS,DET,BOS,-10.5,214.5
782,2022-02-04,CHI,IND,CHI,-1.0,227.5
783,2022-02-04,ATL,TOR,TOR,-2.5,219.5
784,2022-02-04,PHI,DAL,PHI,-1.0,210.5
785,2022-02-04,HOU,SAS,SAS,-7.5,237.0
786,2022-02-04,BKN,UTA,UTA,-5.5,228.5
787,2022-02-04,NOP,DEN,DEN,-5.5,223.0
788,2022-02-04,OKC,POR,POR,-6.0,213.5
789,2022-02-05,MEM,ORL,MEM,-8.5,227.0
790,2022-02-05,MIA,CHA,MIA,-2.5,227.0
791,2022-02-05,PHX,WAS,PHX,-8.0,219.5
792,2022-02-05,NYK,LAL,LAL,-5.0,216.0
793,2022-02-05,MIL,POR,MIL,-10.5,229.5
794,2022-02-05,OKC,SAC,SAC,-7.5,211.5
795,2022-02-06,PHI,CHI,PHI,-4.0,219.5
796,2022-02-06,DET,MIN,MIN,-12.5,231.0
797,2022-02-06,BKN,DEN,DEN,-8.0,227.5
798,2022-02-06,IND,CLE,CLE,-7.0,213.5
799,2022-02-06,BOS,ORL,BOS,-9.5,215.0
800,2022-02-06,ATL,DAL,DAL,0,223.5
801,2022-02-06,NOP,HOU,NOP,-6.5,226.5
802,2022-02-06,MIL,LAC,MIL,-4.5,226.5
803,2022-02-07,TOR,CHA,TOR,-1.0,224.0
804,2022-02-07,MIA,WAS,MIA,-7.0,207.0
805,2022-02-07,PHX,CHI,PHX,-6.5,228.5
806,2022-02-07,GSW,OKC,GSW,-12.0,210.0
807,2022-02-07,NYK,UTA,UTA,-6.5,218.5
808,2022-02-08,PHX,PHI,PHI,-1.5,217.5
809,2022-02-08,IND,ATL,ATL,-13.0,228.0
810,2022-02-08,BOS,BKN,BOS,-9.5,214.0
811,2022-02-08,LAC,MEM,MEM,-8.0,226.5
812,2022-02-08,HOU,NOP,NOP,-9.0,224.5
813,2022-02-08,DET,DAL,DAL,-11.0,212.0
814,2022-02-08,NYK,DEN,DEN,-9.0,221.0
815,2022-02-08,MIL,LAL,MIL,-3.5,234.0
816,2022-02-08,ORL,POR,ORL,-1.0,222.0
817,2022-02-08,MIN,SAC,MIN,-7.5,235.0
818,2022-02-09,SAS,CLE,CLE,-5.5,218.0
819,2022-02-09,CHI,CHA,CHI,-1.5,237.0
820,2022-02-09,TOR,OKC,TOR,-10.0,205.0
821,2022-02-09,GSW,UTA,UTA,-1.0,226.5
822,2022-02-09,LAL,POR,LAL,-9.0,222.0
823,2022-02-09,MIN,SAC,MIN,-7.5,236.5
824,2022-02-10,MEM,DET,MEM,-11.5,224.5
825,2022-02-10,BKN,WAS,WAS,-1.0,218.0
826,2022-02-10,MIA,NOP,MIA,-3.5,217.0
827,2022-02-10,TOR,HOU,TOR,-7.5,224.0
828,2022-02-10,LAC,DAL,DAL,-6.0,215.0
829,2022-02-10,MIL,PHX,PHX,-3.0,233.5
830,2022-02-10,NYK,GSW,GSW,-9.0,216.5
831,2022-02-11,CHA,DET,CHA,-6.0,227.5
832,2022-02-11,CLE,IND,CLE,-6.0,216.0
833,2022-02-11,OKC,PHI,PHI,-14.0,206.0
834,2022-02-11,SAS,ATL,ATL,-9.0,233.5
835,2022-02-11,DEN,BOS,BOS,-6.5,218.5
836,2022-02-11,MIN,CHI,CHI,-1.0,242.0
837,2022-02-11,ORL,UTA,UTA,-11.5,222.5
838,2022-02-12,NYK,POR,NYK,-4.5,216.5
839,2022-02-12,MEM,CHA,MEM,-6.5,239.5
840,2022-02-12,SAC,WAS,SAC,-3.0,226.0
841,2022-02-12,SAS,NOP,NOP,-6.5,231.0
842,2022-02-12,CLE,PHI,PHI,-2.5,209.5
843,2022-02-12,DEN,TOR,TOR,-5.5,222.0
844,2022-02-12,BKN,MIA,MIA,-11.5,223.0
845,2022-02-12,OKC,CHI,CHI,-10.0,217.5
846,2022-02-12,LAC,DAL,DAL,-6.5,213.0
847,2022-02-12,LAL,GSW,GSW,-6.5,225.5
848,2022-02-12,ORL,PHX,PHX,-16.5,222.5
849,2022-02-13,ATL,BOS,BOS,-7.5,223.5
850,2022-02-13,MIN,IND,MIN,-7.5,240.0
851,2022-02-14,DET,WAS,WAS,-3.5,217.5
852,2022-02-14,SAC,BKN,SAC,-1.5,229.5
853,2022-02-14,OKC,NYK,NYK,-10.0,206.5
854,2022-02-14,SAS,CHI,CHI,-3.0,234.0
855,2022-02-14,POR,MIL,MIL,-11.0,226.0
856,2022-02-14,TOR,NOP,TOR,-3.5,219.5
857,2022-02-14,ORL,DEN,DEN,-11.0,222.5
858,2022-02-14,HOU,UTA,UTA,-15.5,232.5
859,2022-02-14,GSW,LAC,GSW,-6.0,218.5
860,2022-02-15,CLE,ATL,ATL,-2.5,221.5
861,2022-02-15,DAL,MIA,MIA,-5.5,211.0
862,2022-02-15,BOS,PHI,BOS,-2.0,209.0
863,2022-02-15,IND,MIL,MIL,-14.5,239.0
864,2022-02-15,CHA,MIN,MIN,-6.0,244.0
865,2022-02-15,MEM,NOP,MEM,-3.5,225.0
866,2022-02-15,LAC,PHX,PHX,-12.5,221.5
867,2022-02-16,ATL,ORL,ATL,-5.5,227.5
868,2022-02-16,DET,BOS,BOS,-12.5,213.0
869,2022-02-16,WAS,IND,IND,0,226.0
870,2022-02-16,BKN,NYK,NYK,-4.5,215.0
871,2022-02-16,SAC,CHI,CHI,-6.0,232.5
872,2022-02-16,POR,MEM,MEM,-12.5,230.5
873,2022-02-16,TOR,MIN,MIN,0,227.0
874,2022-02-16,SAS,OKC,SAS,-8.0,219.0
875,2022-02-16,HOU,PHX,PHX,-17.0,235.0
876,2022-02-16,DEN,GSW,GSW,-5.0,227.0
877,2022-02-16,UTA,LAL,UTA,-4.0,226.0
878,2022-02-17,MIA,CHA,MIA,-4.0,227.0
879,2022-02-17,DAL,NOP,DAL,-2.5,217.0
880,2022-02-17,PHI,MIL,MIL,-6.5,223.0
881,2022-02-17,HOU,LAC,LAC,-10.5,227.5
882,2022-02-24,CLE,DET,CLE,-5.5,209.0
883,2022-02-24,BOS,BKN,BOS,-9.0,214.0
884,2022-02-24,ATL,CHI,CHI,-3.0,240.5
885,2022-02-24,MEM,MIN,MEM,-2.0,240.5
886,2022-02-24,PHX,OKC,PHX,-10.5,220.5
887,2022-02-24,GSW,POR,GSW,-10.0,226.0
888,2022-02-24,DEN,SAC,DEN,-4.0,236.0
889,2022-02-25,TOR,CHA,TOR,-2.0,225.0
890,2022-02-25,OKC,IND,IND,-8.0,226.0
891,2022-02-25,HOU,ORL,ORL,-3.5,235.0
892,2022-02-25,SAS,WAS,SAS,-3.5,225.5
893,2022-02-25,MIA,NYK,MIA,-6.0,211.5
894,2022-02-25,PHI,MIN,PHI,-2.5,230.0
895,2022-02-25,NOP,PHX,PHX,-6.5,229.0
896,2022-02-25,DAL,UTA,UTA,-6.0,216.5
897,2022-02-25,LAC,LAL,LAL,-3.0,221.5
898,2022-02-26,BOS,DET,BOS,-12.5,216.5
899,2022-02-26,TOR,ATL,ATL,-3.5,224.5
900,2022-02-26,WAS,CLE,CLE,-8.5,206.5
901,2022-02-26,SAS,MIA,MIA,-13.0,223.0
902,2022-02-26,MEM,CHI,MEM,-2.0,237.5
903,2022-02-26,BKN,MIL,MIL,-9.5,238.5
904,2022-02-26,SAC,DEN,DEN,-8.0,237.0
905,2022-02-27,PHI,NYK,PHI,-7.5,219.5
906,2022-02-27,UTA,PHX,UTA,-3.0,226.0
907,2022-02-27,BOS,IND,BOS,-9.5,226.5
908,2022-02-27,DET,CHA,CHA,-10.5,229.0
909,2022-02-27,LAC,HOU,LAC,-6.5,230.0
910,2022-02-27,DAL,GSW,GSW,-4.0,217.5
911,2022-02-27,DEN,POR,DEN,-8.5,229.0
912,2022-02-27,NOP,LAL,LAL,-2.5,225.5
913,2022-02-28,MIN,CLE,MIN,-3.5,218.0
914,2022-02-28,IND,ORL,ORL,-2.5,232.5
915,2022-02-28,CHI,MIA,MIA,-4.5,222.5
916,2022-02-28,SAS,MEM,MEM,-8.5,239.5
917,2022-02-28,CHA,MIL,MIL,-10.5,238.0
918,2022-02-28,SAC,OKC,SAC,-5.5,228.5
919,2022-03-01,DET,WAS,WAS,-3.0,217.5
920,2022-03-01,ATL,BOS,BOS,-6.5,226.5
921,2022-03-01,BKN,TOR,TOR,-8.0,218.5
922,2022-03-01,LAC,HOU,LAC,-7.0,227.5
923,2022-03-01,GSW,MIN,GSW,-4.0,230.5
924,2022-03-01,DAL,LAL,DAL,-4.5,219.0
925,2022-03-02,CHA,CLE,CLE,-4.5,220.0
926,2022-03-02,IND,ORL,IND,-2.0,232.5
927,2022-03-02,NYK,PHI,PHI,-10.5,223.5
928,2022-03-02,UTA,HOU,UTA,-15.0,229.0
929,2022-03-02,MIA,MIL,MIL,-4.5,225.0
930,2022-03-02,SAC,NOP,NOP,-6.5,234.5
931,2022-03-02,OKC,DEN,DEN,-15.5,225.5
932,2022-03-02,POR,PHX,PHX,-11.0,225.0
933,2022-03-03,MEM,BOS,BOS,-2.5,223.5
934,2022-03-03,MIA,BKN,BKN,-3.0,223.5
935,2022-03-03,DET,TOR,TOR,-8.0,218.5
936,2022-03-03,GSW,DAL,DAL,-2.0,221.0
937,2022-03-03,SAC,SAS,SAS,-6.5,243.0
938,2022-03-03,LAL,LAC,LAC,-2.0,221.0
939,2022-03-04,IND,DET,IND,-2.5,231.0
940,2022-03-04,CLE,PHI,PHI,-8.0,216.5
941,2022-03-04,ATL,WAS,ATL,-6.0,224.5
942,2022-03-04,MIL,CHI,MIL,-5.0,240.5
943,2022-03-04,UTA,NOP,UTA,-4.5,223.0
944,2022-03-04,MIN,OKC,MIN,-9.5,229.5
945,2022-03-04,HOU,DEN,DEN,-8.5,234.0
946,2022-03-04,NYK,PHX,PHX,-6.5,221.5
947,2022-03-05,SAC,DAL,DAL,-4.5,220.5
948,2022-03-05,SAS,CHA,CHA,-4.0,238.0
949,2022-03-05,PHI,MIA,MIA,-5.5,214.0
950,2022-03-05,ORL,MEM,MEM,-16.0,229.0
951,2022-03-05,POR,MIN,MIN,-13.5,234.5
952,2022-03-05,GSW,LAL,GSW,-5.5,228.5
953,2022-03-06,BKN,BOS,BOS,-6.0,226.0
954,2022-03-06,PHX,MIL,MIL,-9.0,231.5
955,2022-03-06,TOR,CLE,CLE,-4.5,210.5
956,2022-03-06,IND,WAS,WAS,-2.5,227.0
957,2022-03-06,MEM,HOU,MEM,-10.5,238.0
958,2022-03-06,UTA,OKC,UTA,-14.0,221.0
959,2022-03-06,NYK,LAC,LAC,-5.5,220.5
960,2022-03-06,NOP,DEN,DEN,-4.5,229.0
961,2022-03-07,ATL,DET,ATL,-7.5,229.5
962,2022-03-07,CHI,PHI,PHI,-7.5,232.5
963,2022-03-07,HOU,MIA,MIA,-17.0,224.5
964,2022-03-07,POR,MIN,MIN,-13.5,229.5
965,2022-03-07,UTA,DAL,UTA,-1.0,215.5
966,2022-03-07,LAL,SAS,SAS,-6.5,233.0
967,2022-03-07,NYK,SAC,SAC,-4.0,231.5
968,2022-03-08,BKN,CHA,BKN,-4.5,239.5
969,2022-03-08,CLE,IND,CLE,-2.5,221.5
970,2022-03-08,PHX,ORL,PHX,-6.5,221.5
971,2022-03-08,NOP,MEM,MEM,-8.0,229.0
972,2022-03-08,MIL,OKC,MIL,-13.5,232.0
973,2022-03-08,LAC,GSW,GSW,-6.0,225.0
974,2022-03-09,BOS,CHA,BOS,-7.0,224.0
975,2022-03-09,CHI,DET,CHI,-6.5,229.5
976,2022-03-09,PHX,MIA,MIA,-4.0,219.5
977,2022-03-09,ATL,MIL,MIL,-4.5,241.0
978,2022-03-09,LAL,HOU,LAL,-7.5,236.0
979,2022-03-09,OKC,MIN,MIN,-15.5,236.0
980,2022-03-09,ORL,NOP,NOP,-8.5,222.0
981,2022-03-09,NYK,DAL,DAL,-9.0,216.0
982,2022-03-09,TOR,SAS,TOR,-1.0,228.5
983,2022-03-09,POR,UTA,UTA,-19.5,223.5
984,2022-03-09,DEN,SAC,DEN,-6.5,240.0
985,2022-03-09,WAS,LAC,LAC,-3.5,216.5
986,2022-03-10,BKN,PHI,PHI,-4.0,236.5
987,2022-03-10,GSW,DEN,GSW,-1.0,229.5
988,2022-03-11,MIN,ORL,MIN,-8.5,232.5
989,2022-03-11,LAC,ATL,ATL,-7.5,226.0
990,2022-03-11,DET,BOS,BOS,-14.0,215.0
991,2022-03-11,CLE,MIA,MIA,-8.0,210.0
992,2022-03-11,DAL,HOU,DAL,-11.0,226.5
993,2022-03-11,NYK,MEM,MEM,-9.0,229.0
994,2022-03-11,CHA,NOP,CHA,-3.0,226.5
995,2022-03-11,UTA,SAS,UTA,-5.5,228.5
996,2022-03-11,TOR,PHX,PHX,-5.0,222.0
997,2022-03-11,WAS,LAL,LAL,-4.5,229.5
998,2022-03-12,MIN,MIA,MIA,-3.5,230.5
999,2022-03-12,CLE,CHI,CHI,-5.0,217.0
1000,2022-03-12,IND,SAS,SAS,-1.5,238.5
1001,2022-03-12,MIL,GSW,MIL,-2.0,238.0
1002,2022-03-12,TOR,DEN,DEN,-7.0,221.0
1003,2022-03-12,SAC,UTA,UTA,-9.0,229.5
1004,2022-03-12,WAS,POR,WAS,-6.5,220.5
1005,2022-03-13,NYK,BKN,BKN,-5.5,225.0
1006,2022-03-13,LAC,DET,LAC,-4.0,217.5
1007,2022-03-13,DAL,BOS,BOS,-7.0,213.0
1008,2022-03-13,PHI,ORL,PHI,-10.5,222.5
1009,2022-03-13,IND,ATL,ATL,-12.5,237.0
1010,2022-03-13,HOU,NOP,NOP,-6.5,231.5
1011,2022-03-13,MEM,OKC,MEM,-15.0,229.0
1012,2022-03-13,LAL,PHX,PHX,-7.5,232.5
1013,2022-03-14,LAC,CLE,CLE,-7.0,213.5
1014,2022-03-14,POR,ATL,ATL,-14.0,231.0
1015,2022-03-14,DEN,PHI,PHI,-3.5,224.0
1016,2022-03-14,CHA,OKC,CHA,-11.5,230.0
1017,2022-03-14,MIN,SAS,MIN,-3.5,241.5
1018,2022-03-14,WAS,GSW,GSW,-11.5,227.0
1019,2022-03-14,CHI,SAC,CHI,-4.5,236.5
1020,2022-03-14,MIL,UTA,UTA,-2.0,232.5
1021,2022-03-14,TOR,LAL,TOR,-4.5,226.5
1022,2022-03-15,MEM,IND,MEM,-6.5,236.5
1023,2022-03-15,BKN,ORL,BKN,-10.0,232.0
1024,2022-03-15,DET,MIA,MIA,-14.0,213.5
1025,2022-03-15,PHX,NOP,PHX,-4.5,231.5
1026,2022-03-16,ATL,CHA,CHA,0,240.5
1027,2022-03-16,PHI,CLE,PHI,-4.0,220.0
1028,2022-03-16,DEN,WAS,DEN,-6.0,230.0
1029,2022-03-16,DAL,BKN,DAL,-3.0,222.0
1030,2022-03-16,POR,NYK,NYK,-13.0,222.0
1031,2022-03-16,PHX,HOU,PHX,-10.0,236.5
1032,2022-03-16,LAL,MIN,MIN,-8.0,242.0
1033,2022-03-16,OKC,SAS,SAS,-11.5,233.0
1034,2022-03-16,CHI,UTA,UTA,-7.0,224.5
1035,2022-03-16,BOS,GSW,GSW,-1.5,220.0
1036,2022-03-16,MIL,SAC,MIL,-8.5,242.0
1037,2022-03-16,TOR,LAC,TOR,-2.0,214.0
1038,2022-03-17,DET,ORL,ORL,-3.0,219.5
1039,2022-03-18,WAS,NYK,NYK,-6.0,225.5
1040,2022-03-18,LAL,TOR,TOR,-8.0,226.0
1041,2022-03-18,OKC,MIA,MIA,-14.5,218.5
1042,2022-03-18,IND,HOU,IND,-4.0,243.5
1043,2022-03-18,NOP,SAS,SAS,-2.0,237.0
1044,2022-03-18,LAC,UTA,UTA,-6.0,213.5
1045,2022-03-18,BOS,SAC,BOS,-11.0,221.0
1046,2022-03-18,MEM,ATL,MEM,-6.0,232.5
1047,2022-03-18,POR,BKN,BKN,-15.0,228.5
1048,2022-03-18,DEN,CLE,DEN,-2.5,225.5
1049,2022-03-18,DAL,PHI,PHI,-4.5,217.0
1050,2022-03-18,CHI,PHX,PHX,-5.0,232.0
1051,2022-03-19,MIL,MIN,MIN,-3.0,241.5
1052,2022-03-19,DAL,CHA,CHA,-2.5,224.0
1053,2022-03-19,DET,CLE,CLE,-6.0,217.5
1054,2022-03-19,LAL,WAS,LAL,-2.0,229.5
1055,2022-03-20,POR,IND,IND,-7.0,236.0
1056,2022-03-20,MEM,HOU,MEM,-12.5,237.0
1057,2022-03-20,NOP,ATL,ATL,-5.0,234.5
1058,2022-03-20,OKC,ORL,ORL,-8.0,221.5
1059,2022-03-20,PHX,SAC,PHX,-8.0,230.5
1060,2022-03-20,UTA,NYK,UTA,-3.5,224.0
1061,2022-03-20,BOS,DEN,BOS,-3.0,221.5
1062,2022-03-20,TOR,PHI,PHI,-8.0,219.0
1063,2022-03-20,SAS,GSW,GSW,-6.0,225.5
1064,2022-03-21,NOP,CHA,CHA,-5.5,236.0
1065,2022-03-21,LAL,CLE,CLE,-5.0,228.0
1066,2022-03-21,POR,DET,DET,-9.5,222.5
1067,2022-03-21,MIA,PHI,MIA,-8.0,210.0
1068,2022-03-21,UTA,BKN,UTA,-2.0,229.5
1069,2022-03-21,TOR,CHI,CHI,-3.5,219.0
1070,2022-03-21,WAS,HOU,WAS,-3.5,233.5
1071,2022-03-21,BOS,OKC,BOS,-13.0,217.0
1072,2022-03-21,MIN,DAL,DAL,-1.0,228.5
1073,2022-03-22,GSW,ORL,GSW,-7.5,215.5
1074,2022-03-22,ATL,NYK,ATL,-3.5,226.5
1075,2022-03-22,CHI,MIL,MIL,-6.5,234.5
1076,2022-03-22,LAC,DEN,DEN,-6.5,223.0
1077,2022-03-23,NYK,CHA,CHA,-8.5,226.0
1078,2022-03-23,ATL,DET,ATL,-5.0,227.5
1079,2022-03-23,SAC,IND,IND,-6.0,233.5
1080,2022-03-23,UTA,BOS,BOS,-5.0,215.5
1081,2022-03-23,GSW,MIA,MIA,-10.0,209.5
1082,2022-03-23,BKN,MEM,BKN,-1.0,237.5
1083,2022-03-23,PHX,MIN,MIN,-2.0,239.0
1084,2022-03-23,ORL,OKC,ORL,-2.5,219.0
1085,2022-03-23,HOU,DAL,DAL,-10.0,218.5
1086,2022-03-23,PHI,LAL,PHI,-9.5,226.0
1087,2022-03-23,SAS,POR,SAS,-9.5,231.0
1088,2022-03-24,CLE,TOR,TOR,-5.5,214.0
1089,2022-03-24,IND,MEM,MEM,-11.5,236.0
1090,2022-03-24,WAS,MIL,MIL,-8.5,228.5
1091,2022-03-24,CHI,NOP,NOP,-3.0,223.5
1092,2022-03-24,PHX,DEN,DEN,-1.0,232.0
1093,2022-03-25,UTA,CHA,UTA,-4.0,228.0
1094,2022-03-25,WAS,DET,DET,-4.0,223.0
1095,2022-03-25,GSW,ATL,ATL,-2.0,223.0
1096,2022-03-25,NYK,MIA,MIA,-9.5,214.0
1097,2022-03-25,DAL,MIN,MIN,-4.0,228.0
1098,2022-03-25,HOU,POR,HOU,-4.5,234.0
1099,2022-03-25,PHI,LAC,PHI,-5.0,218.0
1100,2022-03-26,SAS,NOP,NOP,-6.0,230.0
1101,2022-03-26,SAC,ORL,ORL,-2.0,221.5
1102,2022-03-26,IND,TOR,TOR,-12.0,223.0
1103,2022-03-26,CHI,CLE,CLE,-2.0,222.5
1104,2022-03-26,BKN,MIA,BKN,-2.5,231.5
1105,2022-03-26,MIL,MEM,MIL,-1.0,233.5
1106,2022-03-26,OKC,DEN,DEN,-17.0,228.5
1107,2022-03-26,HOU,POR,HOU,-4.5,231.5
1108,2022-03-27,NYK,DET,NYK,-4.5,218.5
1109,2022-03-27,MIN,BOS,BOS,-6.5,229.5
1110,2022-03-27,GSW,WAS,GSW,-7.0,216.5
1111,2022-03-27,PHI,PHX,PHX,-4.5,226.5
1112,2022-03-27,LAL,NOP,NOP,-4.0,233.5
1113,2022-03-27,CHA,BKN,BKN,-7.0,239.0
1114,2022-03-27,UTA,DAL,DAL,-4.0,216.0
1115,2022-03-28,DEN,CHA,DEN,-3.5,232.0
1116,2022-03-28,ORL,CLE,CLE,-8.5,216.5
1117,2022-03-28,ATL,IND,ATL,-7.5,236.5
1118,2022-03-28,SAC,MIA,MIA,-14.0,217.0
1119,2022-03-28,CHI,NYK,CHI,-3.5,218.0
1120,2022-03-28,BOS,TOR,TOR,-8.5,210.0
1121,2022-03-28,SAS,HOU,SAS,-9.5,233.0
1122,2022-03-28,GSW,MEM,MEM,-9.5,222.0
1123,2022-03-28,OKC,POR,POR,-1.5,221.0
1124,2022-03-29,MIL,PHI,PHI,0,232.0
1125,2022-03-29,CHI,WAS,CHI,-4.0,223.5
1126,2022-03-29,DET,BKN,BKN,-13.5,233.5
1127,2022-03-29,LAL,DAL,DAL,-12.0,219.5
1128,2022-03-29,UTA,LAC,UTA,-2.5,217.0
1129,2022-03-30,DAL,CLE,DAL,-2.0,214.5
1130,2022-03-30,DEN,IND,DEN,-10.0,237.0
1131,2022-03-30,ORL,WAS,WAS,-4.0,218.5
1132,2022-03-30,MIA,BOS,BOS,-5.0,213.5
1133,2022-03-30,CHA,NYK,CHA,-2.5,223.5
1134,2022-03-30,MIN,TOR,TOR,-2.5,228.5
1135,2022-03-30,SAC,HOU,SAC,-3.0,231.0
1136,2022-03-30,ATL,OKC,ATL,-13.0,229.0
1137,2022-03-30,MEM,SAS,MEM,-5.0,235.0
1138,2022-03-30,PHX,GSW,PHX,-5.0,222.0
1139,2022-03-30,NOP,POR,NOP,-15.0,225.0
1140,2022-03-31,PHI,DET,PHI,-9.5,225.5
1141,2022-03-31,MIL,BKN,BKN,-2.0,243.5
1142,2022-03-31,LAC,CHI,CHI,-2.5,221.0
1143,2022-03-31,LAL,UTA,UTA,-13.5,228.0
1144,2022-04-01,TOR,ORL,TOR,-11.5,217.0
1145,2022-04-01,DAL,WAS,DAL,-7.5,216.5
1146,2022-04-01,IND,BOS,BOS,-15.0,226.5
1147,2022-04-01,SAC,HOU,SAC,-3.0,234.0
1148,2022-04-01,PHX,MEM,PHX,-8.0,229.0
1149,2022-04-01,LAC,MIL,MIL,-3.5,217.5
1150,2022-04-01,DET,OKC,DET,-4.5,221.5
1151,2022-04-01,POR,SAS,SAS,-13.5,228.0
1152,2022-04-01,MIN,DEN,DEN,-3.0,242.0
1153,2022-04-01,NOP,LAL,LAL,-2.0,230.0
1154,2022-04-02,CHA,PHI,PHI,-6.0,229.0
1155,2022-04-02,CLE,NYK,NYK,-2.0,220.5
1156,2022-04-02,BKN,ATL,BKN,-2.0,243.0
1157,2022-04-02,MIA,CHI,MIA,-2.5,217.0
1158,2022-04-02,UTA,GSW,UTA,-2.0,219.0
1159,2022-04-03,WAS,BOS,BOS,-13.0,222.5
1160,2022-04-03,DAL,MIL,MIL,-6.5,227.0
1161,2022-04-03,DEN,LAL,DEN,-5.5,231.5
1162,2022-04-03,DET,IND,IND,-5.0,233.0
1163,2022-04-03,PHI,CLE,PHI,-5.5,225.0
1164,2022-04-03,NYK,ORL,NYK,-5.0,216.0
1165,2022-04-03,MIA,TOR,TOR,-4.5,214.0
1166,2022-04-03,MIN,HOU,MIN,-13.5,245.5
1167,2022-04-03,PHX,OKC,PHX,-14.0,221.5
1168,2022-04-03,POR,SAS,SAS,-13.5,230.0
1169,2022-04-03,GSW,SAC,GSW,-4.5,221.0
1170,2022-04-03,NOP,LAC,LAC,-2.0,222.5
1171,2022-04-05,PHI,IND,PHI,-11.0,235.0
1172,2022-04-05,CLE,ORL,CLE,-8.0,221.5
1173,2022-04-05,HOU,BKN,BKN,-17.0,245.0
1174,2022-04-05,CHA,MIA,MIA,-4.5,225.0
1175,2022-04-05,ATL,TOR,TOR,-4.5,226.0
1176,2022-04-05,MIL,CHI,MIL,-7.0,231.0
1177,2022-04-05,WAS,MIN,MIN,-12.0,238.5
1178,2022-04-05,POR,OKC,OKC,-3.5,220.0
1179,2022-04-05,SAS,DEN,DEN,-9.0,234.5
1180,2022-04-05,MEM,UTA,UTA,-6.0,226.5
1181,2022-04-05,NOP,SAC,NOP,-7.0,224.0
1182,2022-04-05,LAL,PHX,PHX,-12.5,235.0
1183,2022-04-06,DAL,DET,DAL,-9.0,218.5
1184,2022-04-06,BKN,NYK,BKN,-7.0,229.5
1185,2022-04-06,WAS,ATL,ATL,-10.5,235.0
1186,2022-04-06,BOS,CHI,BOS,-7.5,225.0
1187,2022-04-06,OKC,UTA,UTA,-15.5,215.5
1188,2022-04-06,PHX,LAC,LAC,-7.0,223.0
1189,2022-04-07,ORL,CHA,CHA,-14.0,230.5
1190,2022-04-07,PHI,TOR,PHI,-3.5,220.0
1191,2022-04-07,BOS,MIL,MIL,-8.5,227.0
1192,2022-04-07,SAS,MIN,MIN,-7.0,239.0
1193,2022-04-07,POR,NOP,NOP,-17.5,223.0
1194,2022-04-07,MEM,DEN,DEN,-4.5,234.5
1195,2022-04-07,LAL,GSW,GSW,-14.0,219.0
1196,2022-04-08,MIL,DET,MIL,-10.5,232.0
1197,2022-04-08,NYK,WAS,NYK,-3.5,224.0
1198,2022-04-08,CLE,BKN,BKN,-8.5,232.5
1199,2022-04-08,HOU,TOR,TOR,-11.5,229.0
1200,2022-04-08,ATL,MIA,MIA,-1.5,230.5
1201,2022-04-08,CHA,CHI,CHI,-2.5,237.0
1202,2022-04-08,POR,DAL,DAL,-20.0,221.5
1203,2022-04-08,PHX,UTA,UTA,-3.0,229.0
1204,2022-04-08,OKC,LAL,LAL,-6.0,225.0
1205,2022-04-09,SAC,LAC,LAC,-11.5,224.0
1206,2022-04-09,NOP,MEM,MEM,-8.0,230.0
1207,2022-04-09,IND,PHI,PHI,-14.5,236.5
1208,2022-04-09,GSW,SAS,GSW,-7.5,218.5
1209,2022-04-10,IND,BKN,BKN,-16.5,245.0
1210,2022-04-10,WAS,CHA,CHA,-13.0,233.0
1211,2022-04-10,MIL,CLE,CLE,-8.5,227.0
1212,2022-04-10,SAS,DAL,DAL,-10.0,225.0
1213,2022-04-10,LAL,DEN,DEN,-6.0,229.0
1214,2022-04-10,ATL,HOU,ATL,-12.0,242.0
1215,2022-04-10,OKC,LAC,LAC,-11.5,216.0
1216,2022-04-10,BOS,MEM,BOS,-9.0,224.0
1217,2022-04-10,CHI,MIN,MIN,-7.0,229.5
1218,2022-04-10,GSW,NOP,GSW,-7.0,221.0
1219,2022-04-10,TOR,NYK,NYK,0,214.0
1220,2022-04-10,MIA,ORL,MIA,-7.0,218.0
1221,2022-04-10,DET,PHI,PHI,-6.5,221.0
1222,2022-04-10,SAC,PHX,PHX,-10.0,227.5
1223,2022-04-10,UTA,POR,UTA,-17.0,220.0
